BibNumber,ItemBarcode,ItemType,Collection,CallNumber,CheckoutDateTime
2543647,10063298235,accd,nacd,CD 782.42166 C6606So,01-02-2017 08:13
3172300,10087522552,acbk,namys,MYSTERY COTTERI 2016,01-02-2017 08:13
2393405,10054483200,acbk,camys,MYSTERY MAY2006,01-02-2017 08:24
3199718,10088153514,acdvd,nadvdnf,DVD 781.66092 M3347G 2013,01-02-2017 08:33
3211526,10089643810,accd,nacd,CD 782.42166 Sh75o,01-02-2017 08:33
2743540,10074812131,acbk,nanf,158.20874 M3167L 2011,01-02-2017 08:33
3100439,10085432515,accd,cacdnf,CD 617.48092 M353M 2015,01-02-2017 08:48
2679201,10072536583,accd,cacdnf,CD 616.994 M8968E 2010,01-02-2017 08:48
3167465,10088368476,accd,cacdnf,CD 327.1273 H3246P 2016,01-02-2017 08:48
3172511,10087959317,acdvd,nadvd,JAPANESE DVD KOTONOH,01-02-2017 08:51
3216974,10087573449,acdvd,nadvd,DVD SEA OF,01-02-2017 08:51
3216678,10087544077,acbk,nanf,746.44043 H539Z 2016,01-02-2017 08:51
3221781,10087361837,acbk,nanf,746.434 C8721 2016,01-02-2017 08:51
3132683,10059283654,accd,nabocd,CD MYSTERY GALBRAI,01-02-2017 09:32
3183319,10089260953,acbk,nafic,FIC HAWLEY 2016,01-02-2017 09:33
3199612,10088012553,acbk,nafic,FIC WARE 2016,01-02-2017 09:33
2384552,10058901520,acdvd,cadvd,DVD DRESSED,01-02-2017 09:33
3146168,10089239338,acdvd,nadvd,DVD MARTIAN,01-02-2017 09:33
2699432,10072814808,accd,cabocd,CD MYSTERY CONNELL,01-02-2017 09:33
3043811,10083555234,acdvd,nadvd,DVD CLINT E,01-02-2017 09:33
3198377,10088035786,acbk,nafic,FIC SILVA 2016,01-02-2017 09:33
2686927,10083718626,acdvd,nadvd,DVD INSOMNI,01-02-2017 09:33
2969030,10082270165,accd,nabocd,CD FIC KNOTT,01-02-2017 09:33
2450744,10083152834,acdvd,nadvd,DVD MIGHTY,01-02-2017 09:33
3148776,10089143415,acbk,cafic,FIC JOHNSON 2016,01-02-2017 09:33
3015546,10082942367,accd,nabocd,CD MYSTERY FRENCH,01-02-2017 09:33
3172504,10087686555,acdvd,cadvd,DVD FORTY-F,01-02-2017 09:33
2614204,10069430618,accd,nabocd,CD FIC MACOMBE,01-02-2017 09:33
2918565,10080878050,accd,cabocd,CD FIC SPARKS,01-02-2017 09:33
2839103,10076862860,acbk,calpfic,FIC MILLER 2012,01-02-2017 09:37
3148636,10087053061,acbk,nanf,616.042 M8968G 2016,01-02-2017 09:37
3082276,10059309418,acbk,calpfic,WESTERN BRANDT 2015,01-02-2017 09:37
3111794,10086117834,acbk,calpfic,MYSTERY DAHEIM 2015,01-02-2017 09:40
3056832,10084349207,acbk,calpfic,FIC HURWITZ 2014,01-02-2017 09:40
2758503,10075396027,acbk,calpfic,FIC ANDREWS 2012,01-02-2017 09:40
3091048,10086370458,acbk,calpfic,FIC LILLARD 2015,01-02-2017 09:40
2303301,10039993117,acbk,cs1malf,FIC ISHIGUR2005,01-02-2017 09:40
2959038,10082023127,acbk,calpfic,FIC GRIFFIN 2014,01-02-2017 09:43
3165661,10088107494,acbk,calpfic,MYSTERY JANCE 2016,01-02-2017 09:43
2839268,10076863058,acbk,calpfic,FIC DEVERAU 2012,01-02-2017 09:45
3182947,10087642988,acbk,calpfic,FIC HAMER 2016,01-02-2017 09:45
2883332,10079944517,acbk,calpfic,FIC SCOTTOL 2013,01-02-2017 09:46
2969839,10082163162,acbk,calpfic,FIC COOK 2014,01-02-2017 09:46
3089601,10085145612,acbk,camys,MYSTERY KELLER 2015,01-02-2017 09:46
3125681,10054488969,acbk,calpfic,FIC ARMSTRO 2015,01-02-2017 09:46
1742223,10032809773,acbk,canf,070.4333 TOBIN 1997,01-02-2017 09:47
1698155,100153550,acbk,cs9,B M278Wab,01-02-2017 09:47
170113,102353471,acbk,cab,B W686Ab,01-02-2017 09:47
3173410,10087076823,acbk,cafic,FIC CLARK 2016,01-02-2017 09:50
3170606,10088398531,acbk,calpnf,305.8924 Sch38B 2016,01-02-2017 09:58
3110996,10085441185,acbk,calpfic,FIC MELTZER 2015,01-02-2017 09:58
2314758,10070675805,acbk,nanf,581.9795 K8498P 2005,01-02-2017 11:00
3214365,10087957451,acbk,nanf,647.95797 H7115F 2016,01-02-2017 11:00
1706271,10081543836,acbk,namys,MYSTERY EVANOVI 1997,01-02-2017 11:00
2873070,10079881222,accd,cacd,CD 782.421642 M9729S,01-02-2017 11:00
3083954,10086038790,jcbk,ccpic,E KANN,01-02-2017 11:00
2852152,10076996114,acdvd,nadvd,SPANISH DVD TAMBIEN,01-02-2017 11:00
3223372,10087428560,acbk,canew,025.04 K759F 2016,01-02-2017 11:00
3144558,10086751202,acbk,nanf,641.5638 P174 2016,01-02-2017 11:00
3138717,10086796181,acdvd,nadvd,DVD COUNT D,01-02-2017 11:00
3137331,10086505012,acdvd,nadvd,DVD NIGHT O,01-02-2017 11:00
3054339,10084316297,acdvd,nadvd,DVD LEFT BE,01-02-2017 11:00
3091880,10085797628,acbk,canf,791.4375 P852R 2014,01-02-2017 11:00
3216956,10088499636,acdvd,nadvd,RUSSIAN DVD VOSKHOZ,01-02-2017 11:00
2634639,10070893416,jcbk,ncfic,J CLEMENT,01-02-2017 11:00
3161247,10087301858,jcbk,ncfic,J ROWLING,01-02-2017 11:00
3173480,10088372809,acdvd,nadvdnf,DVD 914.0456 R42A 2015,01-02-2017 11:00
2758754,10084488526,jcbk,ncrdr,ER ARNOLD,01-02-2017 11:00
3117771,10085757648,jcbk,ncrdr,ER ARNOLD,01-02-2017 11:00
3204937,10088887053,jcbk,ncnew,E PEPPA P,01-02-2017 11:00
3112274,10085990777,accd,cacd,CD 782.421642 M9729P,01-02-2017 11:00
2343452,10084488120,jcbk,ncrdr,ER ARNOLD,01-02-2017 11:00
2381386,10059255868,jcbk,ncrdr,ER ARNOLD,01-02-2017 11:00
3236391,10086291316,dcillb,swill,FAST ADD,01-02-2017 11:00
3009094,10082662668,jcbk,ncfic,J TATULLI,01-02-2017 11:00
92220,10079065925,jcbk,ncfic,J WHITE,01-02-2017 11:00
2945266,10082449769,accd,cacd,CD 782.42166 P4296P,01-02-2017 11:00
3136087,10059117027,accd,cacd,CD 782.42166 G5866R,01-02-2017 11:00
3160117,10088702096,jcbk,ccpic,E CHILD,01-02-2017 11:00
3105246,10086085833,acdvd,nadvd,FRENCH DVD GRAND B,01-02-2017 11:00
3216641,10087406855,acbk,nanf,791.4372 R797F 2016,01-02-2017 11:00
2357800,10076200434,jcbk,ncpic,E CHILD,01-02-2017 11:00
2699859,10072451833,jcbk,ccpic,E HURST,01-02-2017 11:00
1880675,10073753419,acbk,camys,MYSTERY EVANOVI 1994,01-02-2017 11:00
3172976,10088740427,accd,cacd,CD 782.42166 G7632D,01-02-2017 11:00
3023509,10083721786,accd,cacd,CD 781.542 G9316A1,01-02-2017 11:00
2381998,10083346410,jcbk,ncpic,E CHILD,01-02-2017 11:00
2985133,10081735127,acbk,camys,MYSTERY EVANOVI 2010,01-02-2017 11:00
3165074,10088676050,accd,cacd,CD 782.42166 B5329B,01-02-2017 11:00
2837116,10066894063,acdvd,nadvd,PERSIAN DVD JODAI-E,01-02-2017 11:00
3236423,10085528551,dcillb,swill,FAST ADD,01-02-2017 11:00
3054097,10084508067,accd,cacd,CD 782.42166 G5866F,01-02-2017 11:00
3213411,10087998810,acdvd,nadvd,DVD NYPD BL Season 11,01-02-2017 11:00
3024968,10087896063,accd,nabocd,CD FIC BACKMAN,01-02-2017 11:00
3023481,10083581875,acdvd,nadvd,GERMAN DVD COFFEE,01-02-2017 11:00
3215929,10088904957,jcbk,ccfic,J PEYTON,01-02-2017 11:00
2991019,10082984104,acdvd,nadvd,DVD GRAND P,01-02-2017 11:00
2851900,10076937738,acdvd,nadvd,DVD IAN FLE,01-02-2017 11:00
3194212,10087859947,acbk,nanf,641.5636 So127V 2016,01-02-2017 11:00
2730688,10074422006,jcbk,ncpic,E CHILD,01-02-2017 11:00
2336633,10089246192,acbk,nanf,153.8 D961M 2006,01-02-2017 11:00
3112037,10085664216,acdvd,nadvdnf,DVD 781.66092 M4799R 2015,01-02-2017 11:00
2153931,10080525974,jcbk,ncpic,E BUEHNER,01-02-2017 11:01
3037120,10083335850,acdvd,nadvdnf,VIETNAM DVD 780.9597 P2182S 2014,01-02-2017 11:01
3126877,10054717151,jcbk,ncnf,J910 C217L 2015,01-02-2017 11:01
3221422,10089643240,accd,cacd,CD 781.542 G3468Sr,01-02-2017 11:01
3030520,10083441294,aceq,nanf,SPL Hotspot,01-02-2017 11:01
3207577,10087420419,acbk,nanew,210 T1443 2017,01-02-2017 11:01
3105085,10085769478,acbk,nalpfic,FIC KING 2015,01-02-2017 11:01
2398907,10083497494,acdvd,nadvd,DVD TARTUFF,01-02-2017 11:01
3009989,10082784033,accd,nabocd,CD MYSTERY PENNY,01-02-2017 11:01
3104576,10059380419,acbk,nanew,330.973 R2713S 2015,01-02-2017 11:01
2774306,10076013563,acbk,nanf,641.86539 B162S 2012,01-02-2017 11:01
3203046,10087500798,acbk,nanew,FIC FARTHIN 2016,01-02-2017 11:01
2985339,10082313049,acdvd,cadvd,DVD HOBBIT,01-02-2017 11:01
2743260,10073618620,acdvd,nadvd,DVD LIE TO Season 3,01-02-2017 11:01
120993,10080819377,jcbk,ncpic,E BRIGGS,01-02-2017 11:01
2973288,10082039099,jcbk,ncpic,E PEPPA P,01-02-2017 11:01
3164239,10087094156,acbk,nafic,FIC TANNER 2016,01-02-2017 11:01
2676601,10071688880,jcbk,ccpic,E WRIGHT,01-02-2017 11:01
3196459,10087523675,acbk,canew,641.86 P225o 2016,01-02-2017 11:01
3164327,10088114060,jcdvd,ccdvd,DVD J SYLVEST v.1,01-02-2017 11:01
2919428,10080924136,jcbk,ncpic,E BEAN,01-02-2017 11:01
3069318,10084570455,acdvd,nadvd,DVD LAW AND Season 2,01-02-2017 11:01
3068358,10086031845,acdvd,cadvd,DVD CAPTIVE,01-02-2017 11:01
3199612,10087857354,acbk,nafic,FIC WARE 2016,01-02-2017 11:01
2876082,10077598992,acdvd,nadvd,SWEDISH DVD MARIA W 1-3,01-02-2017 11:01
3208100,10088349385,acbk,nanew,338.064 Sm644G 2016,01-02-2017 11:01
3084332,10085931680,acdvd,nadvd,DVD JAMAICA,01-02-2017 11:01
2419896,10074212977,acdvd,nadvd,DVD BERKELE,01-02-2017 11:01
3207617,10089643968,accd,nacd,CD 782.42166 Y38Y,01-02-2017 11:01
3221138,10087457676,acbk,canf,690.8924 Sch334Y 2016,01-02-2017 11:01
3081820,10085096831,acdvd,cadvd,DVD HOBBIT,01-02-2017 11:01
69127,10088071492,jcbk,ncpic,E KEATS,01-02-2017 11:01
3143650,10086586707,acdvd,cadvd,DVD CHAPPIE,01-02-2017 11:01
2957510,10081667254,acdvd,nadvd,DVD DEADFAL,01-02-2017 11:02
3110766,10086418109,acdvd,nadvd,DVD MISS JU,01-02-2017 11:02
2903344,10080223091,acbk,cacomic,741.5973 B8136V 2013,01-02-2017 11:02
3215294,10089941230,jcdvd,ncdvd,DVD J KUBO AN,01-02-2017 11:02
3223257,10090165563,jcbk,ncef,J/E SUTTON,01-02-2017 11:02
2688354,10072461527,acbk,nanf,909.831 B4531L 2011,01-02-2017 11:02
2685648,10088342653,jcdvd,ncdvd,DVD J CHRISTM,01-02-2017 11:02
3183534,10087378567,acbk,nanf,305.56209 V2772V 2016,01-02-2017 11:02
2653699,10087359336,acdvd,cadvd,DVD SLEEPY,01-02-2017 11:02
2990076,10082325464,acbk,canf,741.5973 B8136K 2014,01-02-2017 11:02
3067025,10086492757,jcbk,ncnew,J VALENTE,01-02-2017 11:02
3122553,10054807101,acdvd,cadvd,DVD SPY,01-02-2017 11:02
3177603,10088447593,jcbk,ncnew,J SELFORS,01-02-2017 11:02
3223559,10089636681,acdvd,nadvd,DVD SULLY,01-02-2017 11:02
2744065,10088041024,acdvd,cadvd,DVD FRIGHT,01-02-2017 11:02
3212769,10087955992,acbk,napar,372.21 P5801W 2015,01-02-2017 11:02
2732542,10074680074,acbk,nanf,822.33 H W6854V 2011,01-02-2017 11:02
3176920,10087683354,jcbk,ncnew,J CHALFOU,01-02-2017 11:02
3193097,10088042733,acdvd,cadvd,DVD LOBSTER,01-02-2017 11:02
3164847,10088639843,acbk,nanew,791.43028 Sa332S 2016,01-02-2017 11:02
3225919,10087463484,acdvd,nadvd,DVD SKIPTRA,01-02-2017 11:02
2467806,10060749297,jcbk,ncnf,J909.8 B3266S 2005,01-02-2017 11:02
3147042,10086612487,acdvd,cadvd,DVD DRAGON,01-02-2017 11:02
3180781,10087108956,jcdvd,ncdvd,DVD J ZOOTOPI,01-02-2017 11:02
3097237,10085456902,acdvd,cadvd,DVD EIGER S,01-02-2017 11:02
3165190,10088758858,jcbk,ncnew,J MESSNER,01-02-2017 11:02
3138732,10086552402,acdvd,cadvd,DVD ROAR,01-02-2017 11:02
2218043,10084442358,acdvd,nadvd,DVD SWEET C,01-02-2017 11:02
2434791,10086520086,acdvd,cadvd,DVD DIRTY D,01-02-2017 11:02
3223520,10089992423,acdvd,nadvd,DVD GOAT,01-02-2017 11:02
2915666,10086589503,jcbk,ncfic,J BROWN,01-02-2017 11:02
3207417,10088904452,jcbk,ncfic,J PATTERS,01-02-2017 11:02
3225889,10089635386,acdvd,nadvd,DVD BARNEY,01-02-2017 11:02
3122631,10059290212,jcbk,ncnew,J TRUE HE,01-02-2017 11:02
3078121,10085077682,acdvd,cadvd,DVD SON OF,01-02-2017 11:02
3225909,10089641491,acdvd,nadvd,DVD MR CHUR,01-02-2017 11:02
3042753,10083460229,acdvd,cadvd,DVD EXPENDA,01-02-2017 11:02
2862147,10078289187,acbk,nanf,823.912 T577H 2012,01-02-2017 11:02
3144742,10089224660,acdvd,cadvd,DVD STRAIGH,01-02-2017 11:02
3144435,10088451892,jcbk,ncfic,J PENNYPA,01-02-2017 11:02
3216335,10089645211,acdvd,nadvd,DVD MAGNIFI,01-02-2017 11:02
3209551,10088287494,jcbk,ncfic,J TARSHIS,01-02-2017 11:02
3180226,10088462709,jcbk,ncnew,J CIRRONE,01-02-2017 11:02
2945464,10081668658,accd,cacdnf,CD 152.41 J6376L 2013,01-02-2017 11:02
3086181,10085643681,acbk,cafic,FIC SINGH 2009,01-02-2017 11:02
3176467,10087263256,acdvd,cadvd,DVD RISEN,01-02-2017 11:02
3223515,10089642069,acdvd,nadvd,DVD EQUITY,01-02-2017 11:02
3008656,10083214204,acbk,canf,741.5973 St281B 2014,01-02-2017 11:02
2726079,10059214519,acbk,nccomic,741.59493 H422A5 2009,01-02-2017 11:02
3225908,10089641640,acdvd,nadvd,DVD MORGAN,01-02-2017 11:02
3223531,10087399415,acdvd,nadvd,DVD MAXIMUM,01-02-2017 11:03
2876623,10078311361,acbk,nycomic,YA 576.82092 D259B 2013,01-02-2017 11:03
3090755,10086282570,acdvd,nadvdnf,DVD 613.71 K555 2015,01-02-2017 11:03
2641155,10081476599,acbk,nafic,FIC GASKELL 2008,01-02-2017 11:03
2743159,10075203975,acbk,canf,158.1 D882P 2012,01-02-2017 11:03
3223528,10089992480,acdvd,nadvd,DVD IT HAD,01-02-2017 11:03
3183534,10086945564,acbk,nanf,305.56209 V2772V 2016,01-02-2017 11:03
3027283,10083817360,acdvd,cadvd,DVD ROVER,01-02-2017 11:03
36820,100534288,acbk,canf,811 Sn92T,01-02-2017 11:03
2969579,10081240987,acdvd,cadvd,DVD RUSH,01-02-2017 11:03
3210846,10087399878,acdvd,nadvd,FRENCH DVD MICROBE,01-02-2017 11:03
2796206,10067077239,acdvd,cadvd,DVD EXTREME,01-02-2017 11:04
3161026,10088117006,acbk,nanf,641.578 D435A 2016,01-02-2017 11:04
3002433,10083694769,acdvd,nadvd,DVD GRAND B,01-02-2017 11:04
2838919,10077009305,acdvd,nadvd,DVD ENGLISH,01-02-2017 11:04
2941992,10087993092,jcdvd,nadvd,DVD WATSONS,01-02-2017 11:04
3226918,10088529671,accd,cacd,CD 782.21723 G7671T,01-02-2017 11:04
3140411,10089041411,acdvd,nadvd,DVD VISIT,01-02-2017 11:04
3167795,10087774096,acdvd,nadvd,DVD EISENST,01-02-2017 11:04
3178321,10087636584,acdvd,nadvd,DVD RITZ,01-02-2017 11:04
2517865,10088419287,jcdvd,ncdvd,DVD J TEEN TI,01-02-2017 11:04
8911,10015276230,acbk,cafic,FIC TYLER,01-02-2017 11:04
2761540,10063072317,acdvd,nadvd,DVD ALFRED Season 5,01-02-2017 11:04
3166106,10087868716,acdvd,nadvd,DVD KRAMPUS,01-02-2017 11:04
2674415,10085223625,acbk,nyfic,YA ASHER,01-02-2017 11:04
2882330,10077602752,acdvd,nadvd,DVD ODD LIF,01-02-2017 11:04
3210703,10087553110,acdvd,nadvd,DVD AMERICA,01-02-2017 11:04
3229100,10088529333,acbk,nanf,782.42166 B679P 2016,01-02-2017 11:04
3215694,10087992706,accd,cacd,CD 782.21723 Oa41C,01-02-2017 11:04
3172226,10088700637,acbk,nanf,641.5 F3911H 2016,01-02-2017 11:04
2278895,10082210427,accd,nacd,CD 782.21723 B237B,01-02-2017 11:04
2134594,10066889295,acdvd,nadvd,DVD SUDDEN,01-02-2017 11:04
3146220,10088686760,acdvd,nadvd,DVD JAMES W,01-02-2017 11:04
2875214,10087250923,jcdvd,ncdvd,DVD J MONSTER,01-02-2017 11:04
3054592,10083868017,acdvd,nadvdnf,DVD 796.52209 K1 2014,01-02-2017 11:04
2332054,10059339456,acdvd,nadvd,DVD RED EYE,01-02-2017 11:04
3146377,10059146869,acbk,cafic,FIC AUSTEN 2014,01-02-2017 11:05
2073907,10051494267,jcbk,ncpic,E LIN,01-02-2017 11:05
2983009,10081950759,acdvd,nadvd,DVD DORIAN,01-02-2017 11:05
2545521,10063446602,acbk,cafic,FIC AHERN2009,01-02-2017 11:05
2689873,10073061557,jcbk,ncnf,J709.73 F4946T 2010,01-02-2017 11:05
3032422,10083134568,acdvd,nadvd,DVD C S FOR,01-02-2017 11:05
2217640,10077583051,acdvd,nadvd,DVD MICHAEL,01-02-2017 11:05
2145514,10056965519,jcbk,ncnf,J759.13 P7653G 2002,01-02-2017 11:05
3222345,10087427182,accd,cabocd,CD SCI-FIC STIRLIN,01-02-2017 11:05
3162706,10089022536,acdvd,nadvd,DVD COMEBAC,01-02-2017 11:05
3084354,10085781853,acdvd,nadvd,DVD WHAT WE,01-02-2017 11:05
2517749,10064099756,acbk,nanf,241.4 Sm78C 2008,01-02-2017 11:05
2814779,10076844793,acdvd,nadvd,DVD HOMELAN Season 1,01-02-2017 11:05
3212218,10088153688,acbk,nalpfic,MYSTERY COBEN 2016,01-02-2017 11:05
3206725,10087914437,acbk,nafic,FIC WOODSON 2016,01-02-2017 11:05
1632548,10073138074,acbk,cafic,FIC AUSTEN1992,01-02-2017 11:05
3177840,10087011770,acbk,nafic,FIC WHITEHE 2016,01-02-2017 11:05
2907181,10080413346,acbk,nanf,701 F876A 2003,01-02-2017 11:05
2903099,10079807003,jcbk,ncnf,J702.8 W489T 2013,01-02-2017 11:05
3163414,10087911797,acbk,canf,322.42092 H3514T 2016,01-02-2017 11:05
2926821,10081198318,acbk,nanf,641.56383 Sa575T 2013,01-02-2017 11:06
2608087,10070412498,acbk,nanf,979.5 M4599L 2009,01-02-2017 11:06
2857366,10076676591,acbk,nasf,SCI-FIC LEGUIN 2012,01-02-2017 11:06
3081371,10085102654,acdvd,nadvd,DVD BIG EYE,01-02-2017 11:06
3062097,10086334835,acbk,nanf,153.8 G7959C 2015,01-02-2017 11:06
3214326,10086820205,acbk,nanf,613.04244 Si329H 2015,01-02-2017 11:06
3172339,10089280456,acbk,nasf,SCI-FIC COREY 2016,01-02-2017 11:06
2945568,10080818825,acbk,canf,613.28332 Sa575T 2013,01-02-2017 11:06
2620733,10070394365,acbk,nanf,336.34097 B6434N 2009,01-02-2017 11:06
3078669,10085093424,acbk,canf,814.54 M3141M 2015,01-02-2017 11:06
2980485,10082246264,acdvd,nadvd,DVD ABOUT T,01-02-2017 11:06
2971301,10081675489,acbk,canf,641.5636 L9789A 2012,01-02-2017 11:06
2334762,10088651673,jcbk,nccomic,J741.5952 M6994H03 2005,01-02-2017 11:07
3214578,10087988449,accd,nacd,CD 782.42166 L7868S,01-02-2017 11:07
3160217,10087792452,acbk,nanf,158.1 D8585G 2016,01-02-2017 11:07
3132409,10059364306,acbk,casf,SCI-FIC CHRISTO 2015,01-02-2017 11:07
3215610,10089278716,acbk,canf,004.1675 B149i 2017,01-02-2017 11:07
3035275,10084289858,acdvd,nadvd,DVD GIVER,01-02-2017 11:07
3177843,10087488200,acbk,nafic,FIC TYLER 2016,01-02-2017 11:07
3208158,10088874697,acbk,namys,MYSTERY FLUKE 2016,01-02-2017 11:07
3203311,10088144463,acbk,nafic,FIC SZALAY 2016,01-02-2017 11:07
2375900,10086475430,jcbk,nccomic,J741.5973 H73Br 2006,01-02-2017 11:07
2928412,10081748021,accd,cacd,CD 782.42166 Is17W,01-02-2017 11:07
2333563,10088377493,jcbk,nccomic,J741.5952 M6994H01 2005,01-02-2017 11:07
1319219,10037079794,jcbk,ncser,J PORTER1993,01-02-2017 11:07
3209531,10088820740,acbk,nanew,FIC HARDING 2016,01-02-2017 11:07
2334763,10088394993,jcbk,nccomic,J741.5952 M6994H04 2005,01-02-2017 11:07
3165226,10088369102,acbk,canf,643.12 Sco847D 2016,01-02-2017 11:07
2561657,10068784635,acbk,nanf,332.66097 T293F 2009,01-02-2017 11:07
2739525,10086417663,jcbk,nccomic,J741.5973 J683W01 2011,01-02-2017 11:07
3215872,10088802888,acbk,nalpfic,MYSTERY FRANCIS 2016,01-02-2017 11:07
2232386,10050676294,acbk,canf,747 D4605 2004,01-02-2017 11:07
3155260,10087472634,jcbk,ncrdr,ER HALE,01-02-2017 11:07
2617596,10059192376,jcbk,ncrdr,ER WILLEMS,01-02-2017 11:07
2591972,10084009413,jcbk,ncrdr,ER WILLEMS,01-02-2017 11:07
137097,10089951080,jcbk,ncrdr,ER SEUSS,01-02-2017 11:07
2493836,10071315419,acdvd,nadvd,DVD I WANT,01-02-2017 11:07
2905966,10081342825,acbk,nalpfic,MYSTERY CONNELL 2013,01-02-2017 11:07
3140536,10089511074,acbk,nafic,FIC JILES 2016,01-02-2017 11:07
2629692,10059349018,jcbk,ncrdr,ER WILLEMS,01-02-2017 11:07
3037240,10083448455,acdvd,nadvd,DVD ARCHIPE,01-02-2017 11:07
2647002,10070906093,acbk,nanf,330.973 F66383G 2010,01-02-2017 11:07
2772437,10059021971,jcbk,nccomic,J741.5973 J683W03 2012,01-02-2017 11:07
3218953,10086922407,acbk,nanew,745.546 Z617P 2016,01-02-2017 11:07
3190765,10088724355,accd,nacdnf,CD 355.07097 R53G 2016,01-02-2017 11:07
3171294,10087057575,jcbk,ncnew,J GRAFF,01-02-2017 11:07
3037374,10083571090,acbk,naover,720.92 W9319W 2014,01-02-2017 11:07
2627270,10087601562,jcbk,nccomic,J741.5952 M6994P02 2009,01-02-2017 11:07
3212821,10086869459,accd,cacd,CD 782.42166 M2291W,01-02-2017 11:07
3123911,10089117583,acbk,nafic,FIC MCKENZI 2016,01-02-2017 11:07
2333561,10086262077,jcbk,nccomic,J741.5952 M6994H02 2005,01-02-2017 11:07
2773811,10075105873,acbk,nanf,947.0862 P982G 2012,01-02-2017 11:07
3002445,10082570945,acdvd,nadvd,DVD LONE SU,01-02-2017 11:07
2991317,10081765462,jcbk,ncfic,J CLEARY,01-02-2017 11:07
3135871,10059058734,acbk,nanf,796.019 F5766H 2015,01-02-2017 11:08
1378712,10085104874,jcbk,ccfic,J CREECH,01-02-2017 11:08
1284979,10025114538,acbk,canf,781.6609 ROLLING 1992,01-02-2017 11:08
2983050,10082010892,acdvd,nadvd,DVD ZARDOZ,01-02-2017 11:08
3146167,10088986582,acdvd,nadvd,DVD DOCTOR Season 9B,01-02-2017 11:08
2086683,10087705819,jcbk,ncenf,J793.73 M3699i 2001,01-02-2017 11:08
2857028,10076982502,acdvd,nadvd,DVD FLASH G,01-02-2017 11:08
3086120,10086303871,acdvd,nadvd,DVD VOICES,01-02-2017 11:08
2489008,10079388087,jcbk,ncpic,E WELLS,01-02-2017 11:08
2983377,10081941600,acbk,canf,508.8665 N5148G 2014,01-02-2017 11:08
3115963,10085158821,acdvd,nadvd,DVD JUSTICE,01-02-2017 11:08
3097038,10085657970,jcbk,ncef,J/E KING-SM,01-02-2017 11:08
2278283,10089410210,accd,cabocd,CD FIC STEINBE,01-02-2017 11:08
3115264,10052411302,jcbk,ncpic,E JOHNSON,01-02-2017 11:08
2875096,10078305280,acdvd,nadvdnf,DVD 917.5941 D6314D 2012,01-02-2017 11:08
3221135,10087456983,acbk,nanf,641.563 H259W 2016,01-02-2017 11:08
3035168,10083189448,acbk,canf,641.563 C5802 2014,01-02-2017 11:08
2875098,10078065678,acdvd,nadvdnf,DVD 917.8752 D6314Y 2012,01-02-2017 11:08
3101394,10085529005,acdvd,nadvdnf,DVD 306.76084 B3937 2014,01-02-2017 11:08
3054490,10084566719,acbk,canf,128 Od58E 2002,01-02-2017 11:08
2515687,10088047542,jcbk,ncpic,E ELLIOTT,01-02-2017 11:08
3046708,10084325058,jcbk,ncenf,J973.3092 L9665R 2015,01-02-2017 11:08
2967207,10082155416,jcbk,ncpic,E SIERRA,01-02-2017 11:08
2830696,10078103016,acbk,nafic,FIC KINGSOL 2012,01-02-2017 11:08
3160546,10089201155,acdvd,nadvd,DVD TABU,01-02-2017 11:08
2669082,10071924251,jcbk,ncfic,J HUNTER,01-02-2017 11:08
3163469,10087585492,acbk,canew,613.2 V247E 2016,01-02-2017 11:08
3036913,10083570571,jcbk,ncenf,JB W315M 2014,01-02-2017 11:08
3199663,10087520044,acbk,nanf,641.563 T9186 2014,01-02-2017 11:08
2929808,10080545303,acbk,nafic,FIC COLLINS 2008,01-02-2017 11:08
2874136,10080264731,acdvd,nadvd,DVD GIRL,01-02-2017 11:08
2845861,10076634582,jcbk,ncpic,E HEST,01-02-2017 11:08
2906093,10079249347,jcbk,ncfic,J URSU,01-02-2017 11:09
2965205,10087438064,jcbk,cccomic,J741.5973 H73B18 2014,01-02-2017 11:09
2723790,10088193163,jcbk,cccomic,J741.5973 H73B15 2011,01-02-2017 11:09
2758821,10073838095,acbk,nanf,332.024 P161M 2012,01-02-2017 11:09
3065170,10084104719,acbk,nycomic,YA 741.5973 R828C01 2014,01-02-2017 11:09
2614765,10087437868,jcbk,cccomic,J741.5973 H73B12 2010,01-02-2017 11:09
2796291,10078402012,jcbk,cccomic,J741.5973 H73B16 2012,01-02-2017 11:09
2666810,10087438841,jcbk,cccomic,J741.5973 H73B13 2010,01-02-2017 11:09
2750627,10076539377,acbk,nanf,332.024 V284A 2012,01-02-2017 11:09
3175100,10088950075,acbk,nanf,781.66097 Un21 2016,01-02-2017 11:09
2503282,10081797234,jcbk,ncfic,J BUCKLEY,01-02-2017 11:09
3065580,10084513836,accd,nacd,CD 782.42165 Su716i,01-02-2017 11:09
3082371,10086323788,jcbk,cccomic,J741.5973 H73B19 2015,01-02-2017 11:09
2842623,10086904256,jcbk,cccomic,J741.5973 H73B17 2013,01-02-2017 11:09
2558369,10067859610,accd,nacd,CD 782.421649 M85E,01-02-2017 11:09
2400089,10073794165,jcbk,cccomic,J741.5973 H73B05 2006,01-02-2017 11:10
2704789,10086656179,accd,cacd,CD 782.421649 Sn54D,01-02-2017 11:10
3140400,10089226152,acdvd,cadvd,DVD NINETY-,01-02-2017 11:10
3165078,10087280417,accd,nacd,CD 782.42166 L9711C,01-02-2017 11:10
3206627,10087022280,acdvd,nadvd,DVD CENTRAL,01-02-2017 11:10
2479599,10086056859,jcbk,cccomic,J741.5973 H73B08 2007,01-02-2017 11:10
3011442,10082563510,acdvd,cadvdnf,DVD 981 B7399 2014,01-02-2017 11:10
3206629,10086983847,acdvd,nadvd,DVD EQUALS,01-02-2017 11:10
2263157,10067128099,acdvd,cadvdnf,DVD 952.025 J2711 2004,01-02-2017 11:10
3171209,10087265707,jcbk,cccomic,J741.5973 H73B20 2016,01-02-2017 11:10
2458238,10085844347,jcbk,cccomic,J741.5973 H73B07 2007,01-02-2017 11:10
2507523,10086210258,jcbk,cccomic,J741.5973 H73B09 2008,01-02-2017 11:10
3118759,10085690013,accd,cacd,CD 782.42166 T151C,01-02-2017 11:10
3167804,10088680516,acdvd,nadvd,DVD POWER Season 1,01-02-2017 11:10
2654069,10082620880,accd,nabocd,CD FIC ADAMS,01-02-2017 11:10
2705466,10087438221,jcbk,cccomic,J741.5973 H73B14 2011,01-02-2017 11:10
2981064,10081222951,accd,nacd,CD 782.42166 B3881M,01-02-2017 11:10
2850058,10077921079,accd,cacd,CD 782.42166 T151L,01-02-2017 11:10
3011292,10082759050,acbk,nanf,332.6 Sw34R 2014,01-02-2017 11:10
2324174,10054002950,acbk,casf,SCI-FIC NORTON 2005,01-02-2017 11:11
2675584,10054494132,acbk,nyfic,YA CONDIE,01-02-2017 11:11
2989314,10082751628,acbk,nanf,641.5638 B3264P 2014,01-02-2017 11:11
2808457,10076737484,jcbk,ncnf,J599.32 B399R 2013,01-02-2017 11:11
2718606,10088518542,jcbk,cccomic,J741.5973 K533A04 2011,01-02-2017 11:11
2314163,10075149319,jcbk,ncef,J/E AVERILL,01-02-2017 11:11
2354075,10082972901,acbk,canf,612.82 R1407P 1999,01-02-2017 11:11
2123302,10067576941,acdvd,nadvd,DVD SAY ANY,01-02-2017 11:11
2537146,10073678350,jcbk,cccomic,J741.5973 H73B10 2009,01-02-2017 11:11
3180774,10089266760,acbk,nafic,FIC SEMPLE 2016,01-02-2017 11:11
2850722,10077324878,accd,cacd,CD 782.42166 Z181M,01-02-2017 11:11
3165017,10087288550,acbk,canf,741.6023 J252B 2013,01-02-2017 11:11
2844615,10077297504,jcbk,cccomic,J741.5973 K533A05 2012,01-02-2017 11:11
2774692,10077196797,acbk,nafic,FIC STEEL 2012,01-02-2017 11:11
2633074,10067555457,acdvd,cadvdnf,DVD 759.9492 V59V 2008,01-02-2017 11:11
2660076,10071234727,acbk,canf,745.4 D4603 2008,01-02-2017 11:11
3178519,10087848494,acbk,nanf,153.35 Ec572Y 2016,01-02-2017 11:11
2375900,10076631497,jcbk,cccomic,J741.5973 H73Br 2006,01-02-2017 11:11
2158651,10066664953,acdvd,nadvd,DVD MY BIG,01-02-2017 11:11
2431127,10086476347,jcbk,cccomic,J741.5973 H73B06 2007,01-02-2017 11:11
3167865,10088300578,acbk,nafic,FIC HILL 2016,01-02-2017 11:11
3013333,10082518613,acbk,canf,741.6023 F6288S 2014,01-02-2017 11:11
3069824,10086165510,acbk,nafic,FIC STEEL 2015,01-02-2017 11:11
3030137,10083334283,acdvd,nadvd,DVD TWILIGH Season 3,01-02-2017 11:11
2731630,10067223445,acdvd,nadvdnf,DVD 338.47686 H1809T 2010,01-02-2017 11:11
2821770,10076067510,jcbk,ncrdr,ER EMBERLE,01-02-2017 11:11
2970819,10081901968,acdvd,nadvdnf,DVD 971.95004 P3903 2014,01-02-2017 11:11
3174999,10087721410,acbk,nanew,618.92858 Sch961A 2016,01-02-2017 11:11
3170242,10087098967,jcdvd,ccdvd,DVD J ELOISE,01-02-2017 11:11
2355537,10059334960,acdvd,nadvd,DVD LAST HO,01-02-2017 11:11
3217781,10087950068,acbk,nanf,818.603 W4313W 2016,01-02-2017 11:11
57806,10064094179,jcbk,ncrdr,ER LOBEL,01-02-2017 11:11
2351253,10078134631,jcbk,cccomic,J741.5973 H73Bb 2006,01-02-2017 11:11
2323710,10074601963,jcbk,cccomic,J741.5973 H73Bq 2005,01-02-2017 11:11
2286758,10070688212,acdvd,nadvd,DVD TWILIGH Season 1,01-02-2017 11:11
3210978,10088866057,acbk,nanf,598.09797 P2856B 2016,01-02-2017 11:11
3111153,10086225595,acdvd,nadvd,DVD LEAVE I Season 1,01-02-2017 11:11
2473904,10085251576,jcbk,cccomic,J741.5973 K533A01 2008,01-02-2017 11:11
3060437,10084424893,acdvd,nadvdnf,DVD 745.4092 V684D 2014,01-02-2017 11:11
3138660,10089061666,jcbk,cccomic,J741.5973 K533A07 2016,01-02-2017 11:11
3018319,10083890748,jcbk,ncrdr,ER RYLANT,01-02-2017 11:11
2936415,10080906067,acbk,nanf,745.61 G5437M 2013,01-02-2017 11:11
2597379,10070017438,acbk,canf,327.17209 Ad72P 2009,01-02-2017 11:11
2587264,10087438411,jcbk,cccomic,J741.5973 H73B11 2009,01-02-2017 11:11
3009089,10085009537,jcbk,cccomic,J741.5973 K533A06 2014,01-02-2017 11:11
2900956,10080136822,acbk,nanf,641.56383 R6162P 2013,01-02-2017 11:11
3078502,10086027942,acbk,nanf,745.2 W6597G 2013,01-02-2017 11:12
2877517,10079093984,jcbk,ncnf,J937.6 R7208C 2013,01-02-2017 11:12
3215369,10086879680,acbk,nanew,FIC GERVAIS 2016,01-02-2017 11:12
2698544,10076352102,acbk,canf,664.5 P31E 2010,01-02-2017 11:12
3140417,10087765524,jcbk,ncrdr,ER BOND,01-02-2017 11:12
2663705,10077495710,jcbk,ncrdr,ER HILL,01-02-2017 11:12
1804081,10034141399,acbk,canf,704.042 BORZELL 1998,01-02-2017 11:12
2468684,10060185773,acbk,cynf,YA 770 K125P 2007,01-02-2017 11:12
2473786,10082202069,acdvd,calndvd,GERMAN DVD BERLIN,01-02-2017 11:12
2670966,10071541451,acbk,nanf,741.6 C849S 2010,01-02-2017 11:12
2441433,10087708573,acbk,cafic,FIC ALLENDE 2005,01-02-2017 11:12
2458135,10057596560,jcbk,ncnf,J931 Sh94A 2007,01-02-2017 11:12
3181929,10088734271,acbk,nanew,MYSTERY HAMBLY 2016,01-02-2017 11:12
2982534,10084110716,jcbk,ncpic,E SANTAT,01-02-2017 11:12
2740329,10074659748,jcbk,ncpic,E ROSS,01-02-2017 11:12
3184166,10088128201,acbk,nanew,FIC HOFFMAN 2016,01-02-2017 11:12
3104352,10085339934,acbk,cynf,YA 338.47746 Sp45T 2014,01-02-2017 11:12
2882038,10079200472,jcbk,ncpic,E PARKER,01-02-2017 11:12
3219718,10086878047,jcbk,ccpic,E AHN,01-02-2017 11:12
3202760,10088060743,jcbk,ccnf,J624.192 R63C 2016,01-02-2017 11:12
2969136,10081322751,acbk,canf,658.404 G833H 2014,01-02-2017 11:12
1951046,10037026605,acbk,canf,306.81097 B28W 2000,01-02-2017 11:12
2984910,10081414145,acbk,nanf,746.92 Ea31W 2014,01-02-2017 11:12
3162865,10089213689,jcbk,ncrdr,ER MARCH,01-02-2017 11:12
3215467,10088804694,jcbk,ccpic,E HOEFLER,01-02-2017 11:12
3032303,10084550549,jcbk,ncrdr,ER MARCH,01-02-2017 11:12
2903092,10079359070,jcbk,ncnf,J930 F9595A 2013,01-02-2017 11:12
2523002,10063979503,jcbk,ncrdr,ER HOWE,01-02-2017 11:12
3202197,10087038591,jcbk,ncnew,E PAK,01-02-2017 11:13
2733389,10073569278,acbk,nafic,FIC WRIGHT 2011,01-02-2017 11:13
2582481,10070043293,jcbk,ncnf,J931 St324C 2009,01-02-2017 11:13
2733956,10073771213,jcbk,ncpic,E REGAN,01-02-2017 11:13
2653780,10071205420,jcbk,ncpic,E GEISERT,01-02-2017 11:13
3104221,10085916988,jcbk,ncpic,E PEARLE,01-02-2017 11:13
3091553,10086302626,acbk,nanf,914.91204 B1602i 2015,01-02-2017 11:13
3091774,10085486065,jcbk,ncpic,E KEMP,01-02-2017 11:13
3051180,10084274108,acbk,nanf,641.563 B113A 2014,01-02-2017 11:13
3190910,10088853451,acbk,nafic,FIC MCEWAN 2016,01-02-2017 11:13
3077827,10085470044,jcbk,naover,J TELLEGE,01-02-2017 11:13
2773154,10075172865,jcbk,ncpic,E HOBAN,01-02-2017 11:13
3104226,10085560919,jcbk,ncspec,E HILLS,01-02-2017 11:13
2947371,10082173575,jcbk,ncpic,E DEAN,01-02-2017 11:13
3181966,10088137541,acbk,nafic,FIC BENNETT 2016,01-02-2017 11:13
479636,10006899701,acbk,cs7,510 T553S,01-02-2017 11:13
3193520,10087549290,acbk,nafic,FIC HOFFMAN 2016,01-02-2017 11:13
2844818,10077305729,acbk,cafic,FIC HOEG 2012,01-02-2017 11:13
3111687,10085979218,acmus,nanf,MUS 786.2166 L5236B,01-02-2017 11:13
2682363,10071282320,acdvd,nadvdnf,DVD 941.1 H62981 2010,01-02-2017 11:13
3215451,10086817805,jcbk,ncnew,E SHEA,01-02-2017 11:13
2737783,10073391590,jcbk,ncpic,E JUSTER,01-02-2017 11:13
2123856,10087163738,jcbk,ncpic,E CRONIN,01-02-2017 11:13
3057410,10084036838,accd,nacd,CD 782.42166 Sp312E,01-02-2017 11:13
2821750,10076706059,jcbk,ncpic,E FREEMAN,01-02-2017 11:13
3207277,10088174551,jcbk,ncpic,E SHANNON,01-02-2017 11:13
506541,10083060714,jcbk,ncpic,E KELLOGG,01-02-2017 11:13
2954604,10080938466,jcbk,nccomic,J741.59489 J2679Ms 2013,01-02-2017 11:13
3130322,10056013757,jcbk,ncpic,E HAERING,01-02-2017 11:13
2916587,10059294511,acbk,casf,SCI-FIC LYNCH 2008,01-02-2017 11:13
3211294,10088272785,accd,cacd,CD 782.42166 W5841A,01-02-2017 11:13
153057,102126554,acbk,cs7,510.7 T553oh,01-02-2017 11:13
3097541,10085311537,jcbk,ncpic,E IDLE,01-02-2017 11:13
3181894,10088245013,acbk,camys,MYSTERY HARRIS 2016,01-02-2017 11:13
589325,10050413045,jcbk,ncspec,E LOBEL,01-02-2017 11:13
3177599,10088447882,jcbk,ncpic,E PARR,01-02-2017 11:13
3202654,10086889572,acbk,nanf,338.09252 B6437i 2016,01-02-2017 11:13
2882035,10079932694,jcbk,ncpic,E IDLE,01-02-2017 11:13
2534296,10064418048,acbk,nanf,338.47687 T483W 2009,01-02-2017 11:13
3196294,10087409966,acbk,nanf,320.52097 H657S 2016,01-02-2017 11:13
362314,10084369387,jcbk,ncpic,E SEUSS,01-02-2017 11:13
3042101,10083652593,jcbk,ncpic,E DALY,01-02-2017 11:13
3218020,10087406921,jcbk,ncnew,E RUDGE,01-02-2017 11:13
3153710,10087148762,acbk,nanf,302.3 J9549T 2016,01-02-2017 11:13
1618506,10028654712,acbk,cs7,510 CLAWSON 1991,01-02-2017 11:13
3122746,10052415345,jcbk,nccomic,J741.5944 P733D03 2015,01-02-2017 11:13
2947367,10082172692,jcbk,ncpic,E BYNUM,01-02-2017 11:14
3219216,10090162446,jcbk,ncef,J/E KIRBY,01-02-2017 11:14
2399482,10080136509,jcbk,ncpic,E BROWN,01-02-2017 11:14
2561181,10069854429,acbk,canf,741.6068 H873S 2009,01-02-2017 11:14
2943653,10086985362,jcbk,ncpic,E COTTER,01-02-2017 11:14
3101650,10085917085,jcbk,ncenf,J595.44 B2853i 2015,01-02-2017 11:14
2511739,10088653455,jcdvd,ncdvd,DVD J MUPPET,01-02-2017 11:14
2550250,10059345982,jcbk,ncrdr,ER WILLEMS,01-02-2017 11:14
138865,10085894862,jcbk,nchol,J BUNTING,01-02-2017 11:14
3091793,10086297263,jcbk,ncpic,E HORACEK,01-02-2017 11:14
2180231,10087108568,jcbk,ncpic,E KELLER,01-02-2017 11:14
1760746,10081972241,jcbk,ncpic,E BURTON,01-02-2017 11:14
2473561,10060418117,jcbk,ncnf,J629.2218 R4496A 2008,01-02-2017 11:14
770803,10073614116,jcbk,ncpic,E BURTON,01-02-2017 11:14
3166122,10087802269,acdvd,nadvd,DVD RIZZOLI Season 6,01-02-2017 11:14
2743236,10074660225,acbk,nanf,741.6 G7679 2011,01-02-2017 11:14
3128442,10086558508,acbk,nacomic,741.5971 L728H 2015,01-02-2017 11:14
1696062,10032317892,acbk,canf,741.60952 FRASER 1996,01-02-2017 11:14
3077152,10084269132,jcbk,ncfic,J TURNER,01-02-2017 11:14
3093618,10087292875,jcbk,nccomic,J741.5973 H134Nu 2015,01-02-2017 11:14
2805221,10067322221,acdvd,nadvd,GERMAN DVD GOETHE,01-02-2017 11:14
2963332,10081655101,acdvd,nadvd,DVD DOWNTON Season 4,01-02-2017 11:14
3077293,10085812062,acdvd,nadvd,DVD INTERST,01-02-2017 11:14
2622208,10069652096,acbk,nanf,741.5955 B2918N 2009,01-02-2017 11:14
3086766,10085630233,acbk,nanf,658.11 Em34B 2015,01-02-2017 11:14
2586766,10069061751,jcbk,ncpic,E CLEMINS,01-02-2017 11:14
3091588,10086161774,jcbk,ncfic,J COLLODI,01-02-2017 11:14
2312560,10088604540,jcdvd,ncdvd,DVD J MUPPET,01-02-2017 11:14
2774013,10067189158,acdvd,calndvd,RUSSIAN DVD NEOTPRA,01-02-2017 11:14
2286755,10076980381,acdvd,nadvd,DVD TOMBSTO,01-02-2017 11:14
3120506,10059113778,acbk,nanf,338.47746 L388F 2015,01-02-2017 11:14
2646231,10070707970,acbk,nynf,YA 741.6 K125G 2009,01-02-2017 11:14
120993,10080819534,jcbk,ncpic,E BRIGGS,01-02-2017 11:14
2859359,10077883907,acbk,canf,741.60237 H3678B 2010,01-02-2017 11:14
3153956,10086677571,jcbk,nccomic,J741.5973 D2943G26 2013,01-02-2017 11:14
3134531,10054502447,acdvd,nadvd,DVD QUICK A,01-02-2017 11:14
3130213,10059259118,acbk,nanf,158.1 B5392D 2015,01-02-2017 11:14
2504838,10061853585,jcbk,ncpic,E CARLSON,01-02-2017 11:14
3084250,10086480513,acbk,nanf,302.23 H3678i 2014,01-02-2017 11:15
3220504,10087447776,jcdvd,ncdvd,DVD J PETES D,01-02-2017 11:15
2620092,10070394597,jcbk,ncpic,E SNELL,01-02-2017 11:15
2938605,10080076747,acdvd,cadvd,DVD CHINA S,01-02-2017 11:15
2178091,10088757082,acdvd,cadvd,DVD COURAGE,01-02-2017 11:15
2820938,10076776953,acbk,najob,378.17028 C8299S 2012,01-02-2017 11:15
1776039,10080456667,jcbk,ncpic,E CLEMENT,01-02-2017 11:15
3226865,10089630163,jcbk,ncnew,J612.84 B5419S 2016,01-02-2017 11:15
2590130,10083262823,acdvd,cadvd,DVD ENEMY B,01-02-2017 11:15
2592082,10067484948,accd,cacd,CD 789.30951 M31E,01-02-2017 11:15
2758304,10075194612,jcbk,ncnf,J709.2 P581W 2012,01-02-2017 11:15
3208117,10086857579,jcbk,ncnew,J745.54 H3268F 2016,01-02-2017 11:15
3166300,10087508098,jcbk,ncnf,J641.8654 Sh133W 2016,01-02-2017 11:15
2624451,10069658374,acbk,nanf,741.2 Ai58E 2009,01-02-2017 11:15
3183281,10088440622,acdvd,cadvd,DVD HOUSE O Season 4,01-02-2017 11:15
3131965,10059047158,jcbk,nchol,E BROCKET,01-02-2017 11:15
3136151,10086647657,acdvd,cadvd,DVD MISSION,01-02-2017 11:15
2692906,10073088592,jcbk,ncpic,E SLATER,01-02-2017 11:15
3117499,10059210228,acbk,canf,740 Sa146A 2015,01-02-2017 11:15
2741045,10073551128,acbk,nanf,741.60922 H3678G 2010,01-02-2017 11:15
3215748,10087894126,jcbk,ncnf,J741.59 L1496C 2016,01-02-2017 11:15
3144715,10089132756,acdvd,cadvd,DVD EVEREST,01-02-2017 11:15
3183252,10088759955,jcbk,ncnew,J688.72 R7461L 2015,01-02-2017 11:15
3181755,10087157417,acdvd,cadvd,DVD ALLEGIA,01-02-2017 11:15
3131821,10056056707,acbk,nanf,741.674 L9741H 2015,01-02-2017 11:15
3056799,10084256535,acdvd,cadvd,DVD COHEREN,01-02-2017 11:15
3104146,10085375441,accd,cacd,CD 782.42166 Sq23D,01-02-2017 11:16
2716206,10068213379,accd,cacd,CD 782.42166 C1751i,01-02-2017 11:16
3057537,10087895040,jcbk,ncpic,J398.2 R983W 2015,01-02-2017 11:16
2800124,10076228997,acbk,canf,338.47746 C615o 2012,01-02-2017 11:16
3082728,10086467270,accd,cacd,CD 782.42166 Ap31C,01-02-2017 11:16
3135994,10086560934,jcbk,ncpic,E MAYHEW,01-02-2017 11:16
3173040,10088616023,accd,cacd,CD 782.42166 So589S,01-02-2017 11:16
3213543,10088252613,jcbk,ncpic,E MURRAY,01-02-2017 11:16
2168444,10068466720,accd,cacd,CD 782.42166 So589W,01-02-2017 11:16
1975523,10084093409,accd,cacd,CD 782.42166 Ap31S,01-02-2017 11:16
3024874,10084002020,acbk,nanf,501.9 Oa47M 2014,01-02-2017 11:16
2335355,10085536562,accd,cacd,CD 782.42166 Sy872H,01-02-2017 11:16
3030517,10082544445,accd,cacd,CD 782.42166 Sq23M,01-02-2017 11:16
2816364,10076138428,acbk,nanf,741.60905 G7679 2011,01-02-2017 11:16
2128450,10088407274,accd,cacd,CD 782.42166 So589M,01-02-2017 11:16
2739698,10066562082,accd,cacd,CD 782.42166 St1099S,01-02-2017 11:16
2730785,10073785494,acbk,naover,741.60973 M5293 2011,01-02-2017 11:16
2900078,10079167598,jcbk,ncpic,E WOOD,01-02-2017 11:17
3122926,10059283373,jcbk,ncpic,E ESBAUM,01-02-2017 11:17
3148620,10088048268,acbk,nanf,577 C2368B 2016,01-02-2017 11:17
2640901,10070289532,jcbk,ncpic,E DODD,01-02-2017 11:17
2196847,10085418399,jcbk,ncpic,E MARTIN,01-02-2017 11:17
3019498,10083946722,acdvd,nadvd,DVD FACE OF,01-02-2017 11:17
2730714,10073788415,jcbk,ncpic,E INTRIAG,01-02-2017 11:17
3138993,10089092315,jcbk,ncpic,E WALTON,01-02-2017 11:17
2769723,10075321934,acbk,cafic,FIC OLAFUR 2012,01-02-2017 11:17
2309399,10086125175,jcbk,ncpic,E YOLEN,01-02-2017 11:17
3172276,10088950869,acbk,casf,SCI-FIC ANDERSO 2016,01-02-2017 11:17
1819276,10073312208,jcbk,ncpic,E SEUSS,01-02-2017 11:17
2085949,10072251241,jcbk,ncfic,J HOBAN,01-02-2017 11:17
3202198,10087763321,jcbk,ncpic,E WELLS,01-02-2017 11:17
1288104,10051898913,jcbk,ncpic,E FLEMING1992,01-02-2017 11:17
3115948,10085130903,acdvd,nadvd,DVD BOULEVA,01-02-2017 11:17
3190938,10087475033,jcbk,ncpic,E JAMES,01-02-2017 11:17
2627199,10069751112,jcbk,ncpic,E EDWARDS,01-02-2017 11:17
2973440,10081899956,acdvd,cadvdnf,DVD 781.66092 T9186 2014,01-02-2017 11:18
3171900,10087882915,acbk,nanf,241.68 B3886M 2016,01-02-2017 11:18
783728,10085958717,jcbk,ncpic,E REY,01-02-2017 11:18
3214273,10087941877,acdvd,cadvd,DVD DAY OF,01-02-2017 11:18
3170574,10088387948,jcbk,ncln,SPANISH E YOON,01-02-2017 11:18
2831461,10076736338,jcbk,ncpic,E TARPLEY,01-02-2017 11:18
3144854,10059242429,acdvd,cadvdnf,DVD 781.66092 W725A 2015,01-02-2017 11:18
3223559,10089636327,acdvd,cadvd,DVD SULLY,01-02-2017 11:18
3138989,10089157753,jcbk,ncpic,E ASHMAN,01-02-2017 11:18
3111205,10088139034,jccd,nckit,CDJ R3948A,01-02-2017 11:18
3223520,10089992274,acdvd,nadvd,DVD GOAT,01-02-2017 11:18
3162204,10087326350,jcbk,ncpic,E FLIESS,01-02-2017 11:18
3091776,10085343068,jcbk,ncpic,E SHAW,01-02-2017 11:18
3173279,10088608087,acdvd,cadvdnf,DVD 796.83092 H7479C 2016,01-02-2017 11:18
3197590,10088032619,acbk,nanf,618.6 Ou1F 2016,01-02-2017 11:18
3227253,10087445796,acbk,nafic,FIC COELHO 2016,01-02-2017 11:18
3035544,10083571835,jcbk,ncpic,E TRASLER,01-02-2017 11:18
3160375,10087330642,acdvd,cadvd,DVD SPOTLIG,01-02-2017 11:18
3204915,10087731674,jcbk,ncpic,E BALET,01-02-2017 11:18
3060562,10085025848,jcbk,ncpic,E PARENTE,01-02-2017 11:18
3124890,10085126083,jcbk,ncpic,E SAVAGE,01-02-2017 11:18
3104746,10085323169,acdvd,nadvdnf,DVD 791.43023 W459M 2015,01-02-2017 11:18
3130396,10059082692,jcbk,ncpic,E BENTLEY,01-02-2017 11:18
2793734,10076295442,jcbk,ncpic,E FLORENC,01-02-2017 11:18
3222777,10086874731,acbk,nanf,664.024 F323F 2015,01-02-2017 11:18
3120629,10086239828,jcbk,ncpic,E SRINIVA,01-02-2017 11:18
3010561,10082638643,acdvd,nadvd,DVD DOUBLE,01-02-2017 11:18
3190951,10086987533,jcbk,ncpic,E SULLIVA,01-02-2017 11:18
3037267,10083560986,acdvd,cadvd,DVD SECRET Season 1,01-02-2017 11:18
3091766,10086354197,jcbk,ncpic,E OHI,01-02-2017 11:18
2182446,10088373492,acdvd,cadvd,DVD SKINWAL,01-02-2017 11:18
2903214,10080219818,acbk,nynf,YA 940.53177 G922L 2010,01-02-2017 11:19
3631,100066158,acbk,canf,784.4 H874Ssa,01-02-2017 11:19
2715175,10066937102,acdvd,cadvd,DVD CURSE O,01-02-2017 11:19
3223559,10089637226,acdvd,nadvd,DVD SULLY,01-02-2017 11:19
3227137,10089410194,accd,cacdnf,CD 940.54597 H7845F 2016,01-02-2017 11:19
3177740,10088911192,acbk,canew,FIC REES 2016,01-02-2017 11:19
2568059,10062872535,jcbk,ncenf,J745.5 AL792W 2009,01-02-2017 11:19
3181755,10087157938,acdvd,nadvd,DVD ALLEGIA,01-02-2017 11:19
3124989,10059360775,acbk,nyfic,YA MEYER,01-02-2017 11:19
300201,104572417,acbk,canf,811.08 R421B,01-02-2017 11:19
2740006,10073386822,acbk,nanf,974.71 Sch767S 2011,01-02-2017 11:19
3216974,10087573670,acdvd,nadvd,DVD SEA OF,01-02-2017 11:19
3208515,10088267165,acdvd,nadvd,DVD WIENER-,01-02-2017 11:19
3156426,10089098817,acbk,nynew,YA MEYER,01-02-2017 11:19
3062044,10089090756,acbk,nafic,FIC SZABO 2015,01-02-2017 11:19
3214271,10088353270,acdvd,nadvd,DVD CAFE SO,01-02-2017 11:19
3051382,10083981596,acbk,nyfic,YA MEYER,01-02-2017 11:19
3030520,10086758512,aceq,nanf,SPL Hotspot,01-02-2017 11:19
3136006,10059219278,jcbk,ncpic,E FOX,01-02-2017 11:19
3214178,10088145536,accd,nacdnf,CD 942 T593E 2016,01-02-2017 11:19
3091782,10086256772,jcbk,ncpic,E JUDGE,01-02-2017 11:19
3195106,10087152186,jcbk,ncpic,E HITES,01-02-2017 11:19
3208509,10087926373,acdvd,cadvd,DVD PREACHE Season 1,01-02-2017 11:20
2435979,10074973438,acbk,nanf,658.022 B2311S 2007,01-02-2017 11:20
2960643,10081319930,acbk,canf,658.11 P1826E 2014,01-02-2017 11:20
3204964,10088893374,acdvd,cadvd,DVD MEDDLER,01-02-2017 11:20
2875502,10078333449,acbk,canf,658.11 M4747E 2013,01-02-2017 11:20
2875832,10077415619,acbk,namys,MYSTERY GRIFFIT 2013,01-02-2017 11:20
2493687,10061657952,acbk,canf,658.11 B2771W 2008,01-02-2017 11:20
2521295,10064617243,acbk,canf,658.11 B37C 2008,01-02-2017 11:20
3223529,10086882221,acdvd,nadvd,DVD LEN AND,01-02-2017 11:20
2636487,10070089437,acbk,canf,658.022 G3134M 2010,01-02-2017 11:20
2665746,10072933814,acbk,canf,658.11 G3135H 2011,01-02-2017 11:20
3165436,10087648498,acbk,casf,SCI-FIC TAYLOR 2016,01-02-2017 11:20
3221903,10089365836,acbk,nanf,346.73066 M3123L 2017,01-02-2017 11:20
3062179,10085111994,acbk,nanf,909 H2125S 2015,01-02-2017 11:20
1897388,10035941797,acbk,cs7,658.40019 KRAUSE 1999,01-02-2017 11:21
3171910,10087609359,acbk,nacomic,741.5942 M7811P01 2016,01-02-2017 11:21
3145399,10086602454,acdvd,cadvd,DVD NEW JER,01-02-2017 11:21
3218924,10089654296,acbk,nanew,391.5 T175E 2016,01-02-2017 11:21
2732410,10073266826,acbk,nanf,973.84092 G18M 2011,01-02-2017 11:21
100961,10048825623,jcbk,ccpic,E BURTON,01-02-2017 11:21
1089875,10058867606,acfold,nafold,UNCAT,01-02-2017 11:21
2732410,10073266834,acbk,canf,973.84092 G18M 2011,01-02-2017 11:21
3193074,10088060347,acdvd,cadvd,DVD CONFIRM,01-02-2017 11:21
3177455,10088783120,acdvd,cadvd,DVD MY ALL,01-02-2017 11:21
3166125,10088669162,acdvd,cadvd,DVD ROOKIE Season 3,01-02-2017 11:21
2755427,10075133503,acdvd,nadvd,DVD GAME OF Season 1,01-02-2017 11:22
3211185,10088352298,acbk,nanf,791.43028 H3985H 2016,01-02-2017 11:22
3105315,10085319423,acbk,canf,916.87355 L623o 2015,01-02-2017 11:22
3118643,10085686557,acbk,nafic,FIC GRAHAM 2015,01-02-2017 11:22
2732410,10074603076,acbk,nanf,973.84092 G18M 2011,01-02-2017 11:22
3204765,10087501622,acbk,nanf,796.51097 W3881S 2016,01-02-2017 11:22
3190904,10087861984,acbk,nafic,FIC CASTLE 2016,01-02-2017 11:22
3217761,10088223150,jcdvd,ncdvd,DVD J BFG,01-02-2017 11:22
2917332,10080522153,acbk,cafic,FIC DUIKER 2013,01-02-2017 11:22
3141330,10087815899,acbk,nanf,355.0092 M4622E 2016,01-02-2017 11:22
3007030,10086820916,acbk,nafic,FIC BACKMAN 2014,01-02-2017 11:22
2355562,10088190961,acdvd,nadvd,DVD STARGAT Season 2,01-02-2017 11:22
2732410,10074603118,acbk,nanf,973.84092 G18M 2011,01-02-2017 11:22
2732410,10074603092,acbk,canf,973.84092 G18M 2011,01-02-2017 11:22
2646499,10070079701,acbk,cafic,FIC VANNIEK2010,01-02-2017 11:22
2541213,10086589214,acbk,nafic,FIC YATES 2008,01-02-2017 11:22
2867049,10079677836,jcbk,nccomic,J741.59493 P464S15 2013,01-02-2017 11:23
2145522,10046526835,jcbk,ccrdr,ER MILGRIM,01-02-2017 11:23
2979477,10082893131,acbk,nafic,FIC CAREY 2014,01-02-2017 11:23
3106865,10059151133,acbk,nanf,641.5956 Ot89N 2015,01-02-2017 11:23
2457346,10060070181,acdvd,nadvd,DVD LADY VA,01-02-2017 11:23
2633525,10070114722,accd,nacdnf,CD 812.54 G931Si 2000,01-02-2017 11:23
3176457,10088920029,acdvd,nadvd,DVD KNIGHT,01-02-2017 11:23
2723462,10074508002,acbk,cafic,FIC LODGE 2011,01-02-2017 11:23
2559378,10062752539,acdvd,nadvd,DVD BELIEVE,01-02-2017 11:23
3196241,10087697917,acbk,nafic,FIC FELLOWE 2016,01-02-2017 11:23
2706717,10072171159,acbk,cs1malp,973.92709 R228W 2011,01-02-2017 11:23
2751392,10081269499,acbk,nanf,812.54 B165o 2011,01-02-2017 11:23
2363860,10083888916,jcbk,ncpic,E ARDIZZO,01-02-2017 11:23
3165892,10087488655,acbk,nacomic,741.5973 H19112H 2016,01-02-2017 11:23
3027957,10083464361,acbk,nanf,641.555 B5488H 2014,01-02-2017 11:23
3024056,10082377028,acdvd,nadvd,DVD BATES M Season 2,01-02-2017 11:23
3214281,10087529375,acdvd,nadvd,DVD NERVE,01-02-2017 11:23
2921542,10087086889,jcbk,nccomic,J741.5973 C148Ko 2013,01-02-2017 11:23
2954405,10082275446,acbk,namys,MYSTERY WOODS 2014,01-02-2017 11:23
2626218,10084432367,jcdvd,ncdvd,DVD J PEANUTS,01-02-2017 11:23
2638403,10071018971,jcbk,ncpic,E JAVAHER,01-02-2017 11:23
2445177,10085907656,jcbk,ncpic,E WALSH,01-02-2017 11:23
3182483,10087494687,acbk,nafic,FIC MORIART 2016,01-02-2017 11:23
3201802,10088284319,accd,nacd,CD 782.42166 K8375X,01-02-2017 11:23
3079821,10085896693,jcbk,nccomic,J741.5973 St972S 2015,01-02-2017 11:23
3177239,10088772073,acbk,nacomic,741.5973 W6347R03 2016,01-02-2017 11:23
3221909,10086883906,acbk,canf,346.73068 St356N 2016,01-02-2017 11:23
3078254,10086487518,accd,cacdnf,CD 305.48896 R12R 2015,01-02-2017 11:23
3162357,10087267554,acdvd,nadvd,DVD AND THE,01-02-2017 11:23
3122533,10056044166,acdvd,nadvd,DVD BATES M Season 3,01-02-2017 11:23
2737880,10073546979,acbk,nanf,641.5973 Am3597 2011,01-02-2017 11:23
3182067,10087661285,acbk,nanew,741.5973 V4651S06 2016,01-02-2017 11:23
3145753,10086746079,acbk,nanf,641.59494 G316A 2015,01-02-2017 11:23
2732410,10074603142,acbk,nanf,973.84092 G18M 2011,01-02-2017 11:23
3063201,10085250040,acbk,nanf,812.54 W6758G 2015,01-02-2017 11:23
3082359,10085090735,acbk,calpnf,248.4 M5756G 2014,01-02-2017 11:23
3118490,10059329556,acbk,nyfic,YA REYNOLD,01-02-2017 11:23
2632086,10070113757,accd,nacdnf,CD 812.54 N785N 2003,01-02-2017 11:23
2614603,10069151305,acbk,canf,745.4 H8381D 2009,01-02-2017 11:23
3206573,10086914933,acbk,nanf,641.5636 D3321V 2016,01-02-2017 11:23
3214279,10087545793,acdvd,nadvd,DVD LIGHTS,01-02-2017 11:23
3007030,10059380500,acbk,cafic,FIC BACKMAN 2014,01-02-2017 11:23
3202191,10087729140,jcbk,ncnew,E GRAVEL,01-02-2017 11:23
2673970,10071364029,jcbk,ncfic,J LORD,01-02-2017 11:24
3167797,10088992481,acdvd,nadvd,DVD FRANKEN,01-02-2017 11:24
3132336,10052487641,jcbk,nccomic,J741.5952 F9553L06 2015,01-02-2017 11:24
3163418,10089096449,jcbk,ncfic,J ROBERTS,01-02-2017 11:24
2500479,10076672988,jcbk,nccomic,J741.5952 Ih1P01 2008,01-02-2017 11:24
2732410,10074603134,acbk,nanf,973.84092 G18M 2011,01-02-2017 11:24
2846224,10077242229,acdvd,nadvd,KOREAN DVD POSU RU,01-02-2017 11:24
3216602,10087424114,jcbk,ccnf,J720 T198i 2016,01-02-2017 11:24
2609575,10069278231,acdvd,nadvd,JAPANESE DVD AIR,01-02-2017 11:24
2664093,10068174639,accd,cacd,CD 782.421642 H538H,01-02-2017 11:24
2725490,10074031427,acdvd,nadvd,JAPANESE DVD RANMA OSeason 4,01-02-2017 11:24
3136151,10086769949,acdvd,nadvd,DVD MISSION,01-02-2017 11:24
2676546,10071678303,acbk,nanf,641.5945 St79E 2010,01-02-2017 11:25
2946318,10081694167,acdvd,nadvd,DVD PURGE,01-02-2017 11:25
2542356,10062689327,acbk,canf,359.93309 M1808M 2008,01-02-2017 11:25
3197885,10087514203,acbk,nanew,909.0802 G588C 2009,01-02-2017 11:25
3195547,10087712682,jcbk,ncnew,J PLOURDE,01-02-2017 11:25
3199702,10087037833,acbk,nanf,616.8584 B4431T 2008,01-02-2017 11:25
2708623,10073908120,acbk,nafic,FIC SEE2011,01-02-2017 11:25
3068854,10084465060,acbk,namys,MYSTERY BRODY 2015,01-02-2017 11:25
2412583,10059129766,acbk,nafic,FIC SEE 2007,01-02-2017 11:25
3180060,10088455430,acbk,nanf,641.5636 T9305B 2016,01-02-2017 11:25
3172505,10087252309,acdvd,cadvd,DVD FIFTH W,01-02-2017 11:25
2615271,10069599065,acbk,namys,MYSTERY BURCELL2009,01-02-2017 11:25
3191054,10087137534,acbk,nyfic,YA CHILDS,01-02-2017 11:25
3046066,10083867092,acbk,nanf,648 K8364L 2014,01-02-2017 11:25
3054477,10084283554,acbk,nanf,641.5 G1994N 2014,01-02-2017 11:25
3204504,10086966867,acbk,nafic,FIC PARIS 2016,01-02-2017 11:25
3132456,10089060114,acbk,nanew,FIC GUSKIN 2016,01-02-2017 11:25
3202722,10088895387,acdvd,nadvd,DVD NOW YOU,01-02-2017 11:25
3218052,10087956263,acbk,nanf,791.45028 C852C 2016,01-02-2017 11:25
2657651,10070857643,acbk,cyfic,YA HARLAND,01-02-2017 11:25
3157005,10088694798,acbk,nanew,FIC POLINER 2016,01-02-2017 11:25
3183276,10088031835,acdvd,nadvd,DVD BY THE,01-02-2017 11:25
3029319,10083520410,acbk,nanf,158.1 G9455H 2014,01-02-2017 11:25
3065484,10086470225,acdvd,cadvd,DVD ROSEWAT,01-02-2017 11:25
3132388,10086567145,acdvd,cadvd,DVD TRAINWR,01-02-2017 11:25
2369966,10081609850,acdvd,cadvd,DVD SOMERSA,01-02-2017 11:25
2880964,10077366036,acbk,nanf,641.59118 H3696M 2006,01-02-2017 11:25
3214250,10087366273,acbk,nyfic,YA SHUSTER,01-02-2017 11:25
3160248,10087075932,acbk,nanf,640 B6972S 2016,01-02-2017 11:25
2352691,10079926035,acdvd,nadvd,DVD STAY,01-02-2017 11:25
2980484,10081219957,acdvd,nadvd,DVD TWELVE,01-02-2017 11:25
2857885,10076900074,jcbk,ccef,J/E KIRBY,01-02-2017 11:25
3099247,10086276606,acbk,nanf,641.5972 B3433M 2015,01-02-2017 11:25
380549,10088514277,acbk,nafic,FIC ROBBINS,01-02-2017 11:25
3220504,10087447941,jcdvd,ccdvd,DVD J PETES D,01-02-2017 11:25
2808094,10067302173,acdvd,nadvd,DVD RAINING,01-02-2017 11:25
3181755,10087157540,acdvd,cadvd,DVD ALLEGIA,01-02-2017 11:25
3178817,10088938609,acdvd,nadvdnf,DVD 792.7 C1943J 2015,01-02-2017 11:25
3010579,10082664557,acdvd,nadvd,DVD LAST TA Season 2,01-02-2017 11:25
3154378,10086779534,acbk,canf,648 K8364S 2016,01-02-2017 11:25
2663703,10080797359,jcbk,ncrdr,ER WEEKS,01-02-2017 11:26
3213554,10088355499,jcbk,ncnew,E BARNETT,01-02-2017 11:26
3131753,10059350586,jcbk,ncnew,J MILLS,01-02-2017 11:26
3130251,10059370790,acdvd,nadvd,DVD LAST MA Season 1,01-02-2017 11:26
3180756,10087653118,jcbk,ncnew,E STANGL,01-02-2017 11:26
3118774,10085758406,accd,cabocd,CD FIC EVANS,01-02-2017 11:26
3223559,10089636418,acdvd,cadvd,DVD SULLY,01-02-2017 11:26
3209487,10087724547,acbk,nanf,598.97 C1395H 2016,01-02-2017 11:26
3133252,10086628970,jcbk,ncrdr,ER FENTIMA,01-02-2017 11:26
2730426,10074048165,acdvd,nadvd,DVD MODERN Season 2,01-02-2017 11:26
2138521,10044835360,acbk,canf,951.902 T8499S 2002,01-02-2017 11:26
2446940,10076979292,acdvd,nadvd,DVD RAY BRA,01-02-2017 11:26
3077313,10085791746,acdvd,nadvd,FRENCH DVD HOMME D,01-02-2017 11:26
3038692,10083180728,acbk,cafic,FIC PICOULT 2014,01-02-2017 11:26
3195630,10087889290,jcbk,ncenf,J222.11052 B47121C 2016,01-02-2017 11:26
2968033,10082049643,acdvd,nadvd,DVD TOUCHIN Season 3,01-02-2017 11:26
3194934,10087896055,accd,nabocd,CD FIC WARE,01-02-2017 11:26
2101750,10086871257,acbk,nanew,FIC ISHIGUR,01-02-2017 11:26
3197466,10088131866,accd,nacdnf,CD 305.56209 V2772V 2016,01-02-2017 11:26
3191108,10088496350,acbk,nyfic,YA RIGGS,01-02-2017 11:26
3195121,10087906771,jcbk,ncnew,E BORANDO,01-02-2017 11:26
3202196,10086825774,jcbk,ncnew,E SCHULZ,01-02-2017 11:26
3172520,10088726343,acdvd,nadvd,DVD SPEAKIN,01-02-2017 11:26
3201928,10087961859,acbk,nanew,567.9 N144D 2016,01-02-2017 11:26
3063221,10085572393,jcbk,ncrdr,ER MARCH,01-02-2017 11:26
3196290,10088146773,acbk,nanf,155.232 D711S 2016,01-02-2017 11:26
3035285,10084287654,acdvd,nadvd,DVD RHYMES,01-02-2017 11:26
3217197,10086914362,jcbk,ncnew,E KERNAHA,01-02-2017 11:26
3207288,10087744107,jcbk,ncnew,E HERAS,01-02-2017 11:26
3231509,10087464193,accd,nacdnf,CD 612.8233 K1225L 2016,01-02-2017 11:26
3136151,10086769956,acdvd,nadvd,DVD MISSION,01-02-2017 11:26
2656728,10072134843,acbk,nanf,641.5954 B4696R 2009,01-02-2017 11:26
3126088,10059044999,acbk,casf,SCI-FIC CAMERON 2015,01-02-2017 11:27
1844983,10068405272,accd,nacd,CD 784.8 M338M,01-02-2017 11:27
2831768,10059189513,jcdvd,ncdvd,DVD J BARBIE,01-02-2017 11:27
3211171,10088184618,accd,nacdnf,CD B En367K 2016,01-02-2017 11:27
2484305,10060515771,jcbk,ncpic,E TESSLER,01-02-2017 11:27
3077814,10089106396,acbk,nanf,305.42 Ad45W 2015,01-02-2017 11:27
3215315,10087565403,jcbk,ncnew,E TABOR,01-02-2017 11:27
2969669,10081312992,jcbk,ncrdr,ER SADLER,01-02-2017 11:27
2904339,10080122269,acbk,cafic,FIC WECKER 2013,01-02-2017 11:27
3190944,10087151238,jcbk,ncnew,E PORTIS,01-02-2017 11:27
3023210,10084067080,acbk,nycomic,YA 741.5973 Aa75oT 2014,01-02-2017 11:27
2721916,10079013099,jcbk,ncef,J/E BRUEL,01-02-2017 11:27
3025502,10082912758,acbk,cafic,FIC TAYLOR 2014,01-02-2017 11:27
3153726,10087666946,jcbk,ncenf,J031.02 W392G 2016,01-02-2017 11:27
3015093,10082539320,jcbk,ncenf,J567.9 P382D 1991,01-02-2017 11:27
3093519,10054832745,jcbk,ncrdr,ER SCOLLON,01-02-2017 11:27
2480590,10060612461,acdvd,cadvd,DVD EAGLE V,01-02-2017 11:27
2684650,10083757137,jcbk,ncef,J/E ROY,01-02-2017 11:27
3030409,10083834027,jcbk,ncef,J/E ROY,01-02-2017 11:27
3060585,10084244515,jcbk,ncnew,E DYCKMAN,01-02-2017 11:27
3042110,10083558212,jcbk,ncpic,E KANEVSK,01-02-2017 11:27
2874248,10059273721,jcbk,ncrdr,ER PETE TH,01-02-2017 11:27
2979573,10081469545,acbk,nasf,SCI-FIC CAMERON 2014,01-02-2017 11:27
3176874,10088765812,jcbk,ncrdr,ER FENTIMA,01-02-2017 11:27
3106229,10086110409,acbk,nycomic,YA 741.5973 Aa75T01 2015,01-02-2017 11:27
3171655,10087908074,acbk,cafic,FIC HEMMING 2016,01-02-2017 11:27
92742,10069998747,jcbk,ncrdr,ER LOBEL,01-02-2017 11:27
2547791,10063135445,jcbk,ncenf,J636.5 H955C 2009,01-02-2017 11:27
3141320,10088751374,acbk,nanf,025.82096 H1833B 2016,01-02-2017 11:27
3035590,10083821149,jcbk,ncef,J/E ROY,01-02-2017 11:27
3053161,10083902592,jcbk,ncrdr,ER RYLANT,01-02-2017 11:27
3182623,10088948616,jcbk,ncnew,E STINSON,01-02-2017 11:27
3204161,10087219258,accd,nabocd,CD FIC HILL,01-02-2017 11:27
2404404,10088527618,accd,cacd,CD 782.42166 B6191G,01-02-2017 11:27
523023,10082717389,jcbk,ncrdr,ER WISEMAN,01-02-2017 11:27
3180732,10088462782,jcbk,ncnew,E CLIMO,01-02-2017 11:27
3122550,10054492128,acdvd,cadvd,DVD OUTLAND Season 1B,01-02-2017 11:27
2883550,10058901199,jcdvd,ncdvd,DVD J BARBIE,01-02-2017 11:27
3204785,10088363568,acbk,canew,641.5944 T392F 2016,01-02-2017 11:27
2957418,10082157131,acbk,nycomic,YA 741.5973 B433G02 2013,01-02-2017 11:27
2503943,10086891859,jcbk,nccomic,J741.5973 C8204B 2008,01-02-2017 11:27
3102724,10085542834,acbk,nycomic,YA 741.5973 D8792H 2015,01-02-2017 11:27
3202948,10086896403,acbk,nafic,FIC MEYER 2016,01-02-2017 11:28
3113915,10085142965,jcbk,ncspec,E VAMOS,01-02-2017 11:28
2100503,10043350585,jcbk,ncnf,J569.75 H3623i 2002,01-02-2017 11:28
3201656,10088902258,acbk,canew,MYSTERY HOLT 2016,01-02-2017 11:28
3061917,10086327029,acbk,nafic,FIC BALDACC 2015,01-02-2017 11:28
3048483,10083159995,acbk,namys,MYSTERY CORNWEL 2014,01-02-2017 11:28
2802317,10076249704,acbk,nanf,364.1523 M9113L 2012,01-02-2017 11:28
3217197,10086914420,jcbk,ncspec,E KERNAHA,01-02-2017 11:29
2549448,10066747386,acdvd,cadvdnf,DVD 211 R2799 2008,01-02-2017 11:29
2938627,10081875238,acbk,nalpfic,FIC GILBERT 2013,01-02-2017 11:29
2334054,10089081649,jcbk,ncpic,E LEE,01-02-2017 11:29
2859071,10079869474,accd,nabocd,CD MYSTERY GARDNER,01-02-2017 11:29
3190715,10087196415,acbk,nanf,700.92 M8342B 2016,01-02-2017 11:29
2917417,10079389986,jccd,nckit,CDJ Ar657H,01-02-2017 11:29
3082733,10085045085,accd,nacd,CD 784.3273 R4187F D4792,01-02-2017 11:29
2479246,10060462982,accd,cacd,CD 782.42166 T3669T,01-02-2017 11:29
2676601,10071688849,jcbk,ncpic,E WRIGHT,01-02-2017 11:29
3030446,10084456283,jcbk,ncpic,E NEWGARD,01-02-2017 11:29
2967007,10082070946,jcbk,ncenf,J629.892 St497R 2014,01-02-2017 11:29
3214570,10087996152,accd,cacd,CD 782.42166 SL25J,01-02-2017 11:29
3206618,10088361539,acdvd,nadvd,DVD ALICE T,01-02-2017 11:29
3222203,10090162701,jcbk,ncenf,J340.1 P348W 2016,01-02-2017 11:29
2847795,10077228137,acbk,nafic,FIC WHARTON 2008,01-02-2017 11:29
3219175,10086924205,jcbk,ncnew,J649.122 F772L 2016,01-02-2017 11:29
3180742,10087783691,jcbk,ncpic,E LODDING,01-02-2017 11:29
2492752,10087483342,jccd,nckit,CDJ H3926D,01-02-2017 11:29
3161549,10088997662,acbk,canf,391.00952 K5269K 2015,01-02-2017 11:29
2323710,10085892643,jcbk,nccomic,J741.5973 H73Bq 2005,01-02-2017 11:29
2690477,10073129677,accd,cacd,CD 782.14 So57S,01-02-2017 11:29
2845154,10078173373,accd,nacdnf,CD 294.3444 C4518C 2012,01-02-2017 11:29
3140280,10059198027,accd,cacd,CD 784.7184 C8131 n.2 C5035,01-02-2017 11:29
2883154,10083957406,jccd,nckit,CDJ C84M,01-02-2017 11:29
2898815,10080279945,accd,nacdnf,CD 294.34442 C4518W 2013,01-02-2017 11:29
3003791,10083495431,jcbk,ncenf,J362.4 T3661D 2001,01-02-2017 11:29
2683777,10071631088,jckit,nckit,CDJ B8141A,01-02-2017 11:29
2655294,10071990849,accd,nacdnf,CD 294.3444 C4518F 2010,01-02-2017 11:29
2271496,10086305116,jcbk,ncfic,J LEWIS,01-02-2017 11:29
2917976,10079373824,accd,cacd,CD 782.42166 C5798B,01-02-2017 11:29
2967187,10082233411,jcbk,ncenf,J362.76 M9901 2014,01-02-2017 11:29
3227833,10089931751,acdvd,cadvd,DVD SUTURE,01-02-2017 11:29
2845143,10077925138,accd,nabocd,CD MYSTERY BINGHAM,01-02-2017 11:29
2641089,10086095683,jccd,nckit,CDJ W111L,01-02-2017 11:29
2560917,10063227150,accd,nacdnf,CD 294.3444 C399T 2008,01-02-2017 11:29
3069098,10085028032,acbk,nasf,SCI-FIC SCHWAB 2015,01-02-2017 11:29
2465616,10072017766,accd,cacd,CD 782.42166 W371R,01-02-2017 11:29
2365600,10052208708,acbk,nanf,294.33727 C4518P 2006,01-02-2017 11:29
3218766,10087345152,acbk,nafic,FIC PICOULT 2016,01-02-2017 11:29
3044185,10083449248,acbk,nanf,391.00952 M5991K 2014,01-02-2017 11:29
2934708,10079462015,jcbk,ncfft,J398.2 Sh249H 2012,01-02-2017 11:29
3101448,10085668100,acbk,canf,306.85097 D4409H 2015,01-02-2017 11:29
2973287,10082149690,jcbk,ncpic,E LAREAU,01-02-2017 11:30
2253024,10066775288,acdvd,nadvd,DVD MIDSOME,01-02-2017 11:30
2444245,10082976720,jcbk,ncenf,J635 G3526V 2007,01-02-2017 11:30
2908979,10079463294,jcbk,ncfic,J HARRING,01-02-2017 11:30
2396316,10077738804,acdvd,nadvd,DVD BULLETS,01-02-2017 11:30
3099255,10086208344,acbk,nanf,641.815 T155C 2015,01-02-2017 11:30
2555497,10062989651,acdvd,nadvd,DVD TWIN PE,01-02-2017 11:30
3085871,10086358065,acbk,canf,914.21048 W5827L 2015,01-02-2017 11:30
3138649,10059205269,jcbk,ncenf,J621.8 W211S 2015,01-02-2017 11:30
3209482,10086813408,acbk,canew,368.382 M7226G 2016,01-02-2017 11:30
2761356,10075248657,jcbk,ncenf,J635 Z72S 2012,01-02-2017 11:30
2909950,10079352307,acdvd,nadvd,DVD BOY,01-02-2017 11:30
3176453,10088826747,acdvd,nadvd,DVD HAIL CA,01-02-2017 11:30
3008988,10082755066,accd,cacdnf,CD 448.3421 F8871 2002,01-02-2017 11:30
2686065,10072931784,jcbk,ncenf,J305.232 R6318N 1996,01-02-2017 11:30
2743331,10073369786,jcbk,ncpic,E ROSS,01-02-2017 11:30
2874107,10077453925,jcbk,ncenf,J303.32 R174D 2006,01-02-2017 11:30
2496024,10061494463,acbk,namys,MYSTERY COTTERI2008,01-02-2017 11:30
3184752,10088940308,jcbk,ncenf,J304.2 Sh78T 2016,01-02-2017 11:30
2581643,10067690585,acdvd,cadvdnf,DVD 448.3421 P239 2005,01-02-2017 11:30
2069879,10085252665,jcbk,ncenf,J305.232 M946W 2001,01-02-2017 11:30
2903494,10080617904,jcbk,ncpic,E ROSS,01-02-2017 11:30
3155298,10088712327,jcbk,ncenf,J629.47 L789S 2016,01-02-2017 11:30
3173464,10088563688,jcbk,ncnew,E STEEL,01-02-2017 11:30
2900045,10080241440,jcbk,ncnf,J303.6 Ol5i 2013,01-02-2017 11:30
2596250,10067672906,acdvd,cadvdnf,DVD 448.3421 F8871 2005,01-02-2017 11:30
2808539,10076241354,acbk,nalpfic,FIC MCLAUGH 2012,01-02-2017 11:30
3156281,10089055304,acdvd,nadvd,DVD GOODNIG,01-02-2017 11:30
2881152,10079149505,jcbk,ncenf,J618.92007 Z622A 2007,01-02-2017 11:30
3125153,10059053750,acdvd,nadvd,DVD ME AND,01-02-2017 11:30
3208144,10087946942,jcbk,ncenf,J305.8 R5426W 2016,01-02-2017 11:30
2142284,10076696656,jcbk,ncpic,E KEATS,01-02-2017 11:31
2984037,10082311415,acbk,nanf,612.8 K1239F 2014,01-02-2017 11:31
3118638,10086237418,jcbk,ncpic,E FREEDMA,01-02-2017 11:31
129695,101833937,acbk,canf,680 B691 1952,01-02-2017 11:31
3023111,10083802438,jcbk,ncpic,E MCMULLA,01-02-2017 11:31
2792335,10076362853,jcbk,ncpic,E NUMEROF,01-02-2017 11:31
3154405,10088984256,jcbk,ncenf,JB C617M 2016,01-02-2017 11:31
3211826,10088809347,jcbk,ncnf,J398.2454 Os17D 2015,01-02-2017 11:31
3199588,10087714621,jcdvd,ccdvd,DVD J JUNGLE,01-02-2017 11:31
3099808,10054815112,jcbk,ncpic,E KANN,01-02-2017 11:31
3146168,10089239213,acdvd,nadvd,DVD MARTIAN,01-02-2017 11:31
2701636,10073145897,acdvd,cadvd,DVD AGATHA v.2,01-02-2017 11:31
2762434,10075235233,jcbk,ncpic,E BARCLAY,01-02-2017 11:31
3147046,10087332978,acdvd,cadvd,DVD GAME OF Season 5,01-02-2017 11:31
3195108,10087161039,jcbk,ncnew,E MOORE,01-02-2017 11:31
2372140,10086731535,jcbk,ncpic,E MCMULLA,01-02-2017 11:31
3213547,10088357347,jcbk,ncnew,E EDWARDS,01-02-2017 11:31
3176508,10087854344,acdvd,nadvd,WITOTO DVD ABRAZO,01-02-2017 11:31
2478309,10060635223,jcbk,ncpic,E MANOS,01-02-2017 11:31
3166312,10087797329,jcbk,ncrdr,ER MAN-KON,01-02-2017 11:31
3115913,10085992930,jcbk,ncpic,E BATEMAN,01-02-2017 11:31
2900103,10080257750,acdvd,cadvd,DVD BEAUTIF,01-02-2017 11:31
2465665,10072201055,jcbk,ncpic,E KANN,01-02-2017 11:31
1928121,10082223800,accd,cacd,CD 782.42166 T344T,01-02-2017 11:31
3167666,10088688683,acdvd,cadvd,DVD SCOTT A Season 4,01-02-2017 11:31
3222622,10090163154,jcbk,ncpic,E FERGUS,01-02-2017 11:31
3048491,10085292778,jcbk,ncrdr,ER LAGONEG,01-02-2017 11:31
3030520,10086757415,aceq,nanf,SPL Hotspot,01-02-2017 11:31
2856771,10088760862,jcbk,ncpic,E HUELIN,01-02-2017 11:31
3107184,10052415550,acdvd,cadvd,DVD MIDSOME Series 17,01-02-2017 11:31
3207306,10087756721,jcbk,ncnew,E MACIVER,01-02-2017 11:31
1801775,10084124410,jcbk,ncpic,E SEUSS,01-02-2017 11:32
3019524,10083720044,acdvd,cadvd,DVD MUSKETE Season 1,01-02-2017 11:32
3180192,10087722764,acbk,nanf,818.5402 B2795B 2016,01-02-2017 11:32
3090625,10085639119,jcbk,ncpic,E KING,01-02-2017 11:32
2908934,10090170464,jcbk,ccpic,E SEUSS,01-02-2017 11:32
2922746,10088921837,jccd,ccbocd,CDJ D1376B,01-02-2017 11:32
3210631,10086939336,jcbk,ccnf,J940.5317 H994i 2016,01-02-2017 11:32
3193099,10088007082,acdvd,cadvd,DVD MILES A,01-02-2017 11:32
3155305,10089131188,accd,nacd,CD 782.42166 B679B,01-02-2017 11:32
2679699,10087679733,jccd,ccbocd,CDJ C5807R,01-02-2017 11:32
2985429,10082101758,accd,nabocd,CD FIC KASISCH,01-02-2017 11:32
2982540,10082350868,jcbk,ncpic,E MANN,01-02-2017 11:32
3060577,10084225159,jcbk,ncpic,E MALONEY,01-02-2017 11:32
2413657,10057897331,jcbk,ccnf,J629.45009 K9554R 2007,01-02-2017 11:32
69039,10074096099,jcbk,ncfic,J SILVERS,01-02-2017 11:32
2412101,10087425293,acbk,namys,MYSTERY CRAIS 1993,01-02-2017 11:32
3147038,10089223738,acdvd,cadvd,DVD BLACK M,01-02-2017 11:32
2357467,10085592284,jcbk,ncpic,E LONDON,01-02-2017 11:32
3126847,10056016214,jcbk,ccnf,J940.53 W6707W 2015,01-02-2017 11:32
7535,10080346520,jcbk,ncpic,E CARLE,01-02-2017 11:32
1637138,10085237211,acbk,nafic,FIC CAMUS 1989,01-02-2017 11:32
3209933,10088871131,acbk,canf,523.1 T988W 2016,01-02-2017 11:32
2774630,10076743193,acbk,nanf,796.51097 P856C 2012,01-02-2017 11:32
2539473,10087334065,acdvd,cadvd,DVD BLUE MU Season 3,01-02-2017 11:32
2661633,10072153058,jcbk,ncpic,E MALASPI,01-02-2017 11:32
2672405,10081608902,acbk,namys,MYSTERY SJOWALL 2009,01-02-2017 11:32
1608515,10029022216,acbk,cs6,303.34 HEIFER 1994,01-02-2017 11:32
3126202,10052475224,acbk,casf,SCI-FIC OKORAFO 2015,01-02-2017 11:33
3214610,10086902425,acbk,canew,811.54 G4498A 2016,01-02-2017 11:33
2690809,10083163401,acdvd,nadvd,DVD FOXY BR,01-02-2017 11:33
400555,10077502440,acbk,canf,649.122 Am38Ya,01-02-2017 11:33
2875727,10077526381,accd,cacd,CD 782.42166 St2995D,01-02-2017 11:33
3161579,10089220924,acbk,nanf,005.432 M5838K 2016,01-02-2017 11:33
3019479,10083090794,acdvd,nadvd,DVD BREATHE,01-02-2017 11:33
3082009,10085824521,acbk,nanf,128.2 H3142L 2013,01-02-2017 11:33
3146168,10089239270,acdvd,nadvd,DVD MARTIAN,01-02-2017 11:33
3168596,10087295662,acdvd,nadvdnf,DVD 338.761 J579S 2016,01-02-2017 11:33
2962471,10082223248,acdvd,nadvd,DVD SWITCH,01-02-2017 11:33
2312394,10074782227,acbk,canf,649.122 Am37Y 1983,01-02-2017 11:33
3122534,10085181575,acdvd,nadvd,MAORI DVD DEAD LA,01-02-2017 11:33
3176474,10087206792,acdvd,nadvd,DVD TRIPLE,01-02-2017 11:33
3068386,10084032845,acdvd,nadvd,DVD ST VINC,01-02-2017 11:33
3066246,10086444626,acdvd,nadvd,DVD FINAL P,01-02-2017 11:34
2371425,10061429766,jcbk,ccfic,J BLUME,01-02-2017 11:34
